{
 "author": "chaems",
 "analyzer": "surface",
 "n_chunks": 70,
 "chunk_sents": 15,
 "n_sentences": 1050,
 "cat": {
  "endings": {
   "vocab": [
    "었다",
    "이다",
    "였다",
    "지요",
    "한다",
    "어요",
    "았다",
    "저씨",
    "없다",
    "니까",
    "니다",
    "이야",
    "는다",
    "나요",
    "니오",
    "응",
    "있다",
    "렸다",
    "왔다",
    "났다",
    "시오",
    "이냐",
    "이오",
    "준다",
    "이지"
   ],
   "mean_dist": [
    0.1694560669452522,
    0.1464435146440451,
    0.12343096234283801,
    0.08158995815882512,
    0.06276150627601933,
    0.031380753138009664,
    0.027196652719608375,
    0.027196652719608375,
    0.02510460251040773,
    0.02510460251040773,
    0.02510460251040773,
    0.02510460251040773,
    0.02510460251040773,
    0.023012552301207086,
    0.02092050209200644,
    0.0188284518828058,
    0.0188284518828058,
    0.0188284518828058,
    0.0188284518828058,
    0.016736401673605156,
    0.01464435146440451,
    0.01464435146440451,
    0.01464435146440451,
    0.012552301255203865,
    0.012552301255203865
   ],
   "js_mean": 0.5787226772326911,
   "js_std": 0.15692633032388084
  },
  "connectives": {
   "vocab": [
    "고",
    "면서",
    "니까",
    "다가",
    "지만",
    "며",
    "어서",
    "는데",
    "으면서",
    "거나",
    "아서",
    "든지",
    "려고",
    "도록",
    "으며"
   ],
   "mean_dist": [
    0.6528571428562102,
    0.04857142857135918,
    0.04571428571422041,
    0.042857142857081636,
    0.041428571428512244,
    0.03999999999994286,
    0.022857142857110206,
    0.021428571428540818,
    0.015714285714263265,
    0.015714285714263265,
    0.01285714285712449,
    0.011428571428555103,
    0.011428571428555103,
    0.011428571428555103,
    0.0057142857142775515
   ],
   "js_mean": 0.22760567277808688,
   "js_std": 0.1323250342908551
  },
  "particles": {
   "vocab": [
    "는",
    "이",
    "을",
    "가",
    "도",
    "를",
    "은",
    "에",
    "의",
    "만",
    "나",
    "로",
    "으로",
    "하고",
    "에서",
    "와",
    "이나",
    "과",
    "까지",
    "에게",
    "부터",
    "보다",
    "이며",
    "처럼",
    "으로는"
   ],
   "mean_dist": [
    0.15297619047614494,
    0.12261904761901113,
    0.11815476190472674,
    0.09553571428568586,
    0.07172619047616913,
    0.06994047619045538,
    0.06845238095236059,
    0.05357142857141263,
    0.05357142857141263,
    0.032440476190466534,
    0.031845238095228615,
    0.02738095238094423,
    0.023511904761897764,
    0.014583333333328993,
    0.013988095238091075,
    0.010714285714282526,
    0.008630952380949812,
    0.007440476190473976,
    0.00624999999999814,
    0.005952380952379181,
    0.0026785714285706315,
    0.002083333333332713,
    0.002083333333332713,
    0.002083333333332713,
    0.0017857142857137542
   ],
   "js_mean": 0.13927226773588453,
   "js_std": 0.09054182787397556
  },
  "adverbs": {
   "vocab": [
    "다",
    "또",
    "그러나",
    "그리고",
    "좀",
    "꼭",
    "차라리",
    "퍽",
    "지금",
    "모두",
    "왜",
    "그래서",
    "다시",
    "이미",
    "늘",
    "아주",
    "결코",
    "그런데",
    "이제",
    "벌써",
    "물론",
    "갑자기",
    "또한",
    "역시",
    "오히려"
   ],
   "mean_dist": [
    0.19191919191822265,
    0.1414141414134272,
    0.10606060606007041,
    0.0707070707067136,
    0.06060606060575452,
    0.05050505050479543,
    0.04040404040383635,
    0.0353535353533568,
    0.03030303030287726,
    0.03030303030287726,
    0.03030303030287726,
    0.025252525252397715,
    0.025252525252397715,
    0.020202020201918174,
    0.020202020201918174,
    0.020202020201918174,
    0.01515151515143863,
    0.01515151515143863,
    0.010101010100959087,
    0.010101010100959087,
    0.010101010100959087,
    0.010101010100959087,
    0.010101010100959087,
    0.010101010100959087,
    0.010101010100959087
   ],
   "js_mean": 0.5788109346660976,
   "js_std": 0.22700018070132436
  }
 },
 "scalars": {
  "sent_len_mean": {
   "mean": 8.312380952380952,
   "std": 3.372598129126797
  },
  "sent_len_std": {
   "mean": 5.943743394055308,
   "std": 2.646814831328059
  },
  "sent_len_p90": {
   "mean": 14.1,
   "std": 6.222424883320925
  },
  "dialog_ratio": {
   "mean": 0.28190476190476194,
   "std": 0.2702547718789735
  },
  "comma_per_sent": {
   "mean": 0.35619047619047617,
   "std": 0.4307079022402006
  },
  "excl_per_sent": {
   "mean": 0.060000000000000005,
   "std": 0.07980134064195894
  },
  "quest_per_sent": {
   "mean": 0.16095238095238093,
   "std": 0.19598926343863826
  },
  "ellipsis_per_sent": {
   "mean": 0.10666666666666667,
   "std": 0.11732467500521518
  },
  "dash_per_1k_ej": {
   "mean": 3.468288140519125,
   "std": 6.130956623727181
  },
  "redup_per_1k_ej": {
   "mean": 3.2623944991050746,
   "std": 7.099472686083263
  }
 },
 "ban_list": {
  "endings": [],
  "connectives": [],
  "particles": [],
  "adverbs": [
   "제법",
   "문득",
   "어느덧"
  ]
 },
 "example_bank": {
  "었다": [
   "그가 구직하러 오는 지식 청년들에게 농촌으로 돌아가 농촌사업을 하라는 것과 (다음에 또 꺼내는 일거리를 만들라는 것은) 결코 현실에서 출발한 이론적 근거가 있는 것이 아니었었다.",
   "P는 K사장이 억담을 내세우는 것을 보고 속으로 싱그레니 웃었다.",
   "P는 C와 자별히 사이가 가까운 터였었다."
  ],
  "이다": [
   "대답이 그렇게 나왔으니 이제 더 졸라도 별수가 없는 것이지만 허실삼아 한마디 더 해보는 것이다.",
   "그는 기왕 취직운동은 글러진 것이니 속시원하게 시비라도 해보고 싶은 것이다.",
   "그저 지식 계급의 구직꾼이 넘치는 것을 보고 막연히 '농촌으로 돌아가라' '일을 만들어라'고 해왔을 따름이다."
  ],
  "였다": [
   "P는 아무 말도 아니 하고 고개를 숙였다.",
   "P는 속으로 코똥을 '흥' 하고 뀌었으나 아무 대답도 아니 하였다.",
   "P는 말 중동을 갈라 불쑥 반문하였다."
  ],
  "지요": [
   "\"그건 인도주의란 그것이 한 개 공상이니까 그렇겠지요.\"",
   "\"기왕 일을 배울 테면 아주 어려서부터 배워야지요.\"",
   "\"내가 학교 공부를 해본 나머지 그게 못쓰겠으니까 자식은 딴 공부를 시키겠다는 것이지요.\""
  ],
  "한다": [
   "K사장은 안락의자에 푹신 파묻힌 몸을 뒤로 벌―떡 젖히며 하품을 하듯이 시원찮게 대답을 한다.",
   "P는 그러나 취직운동에 백전백패(百戰百敗)의 노졸(老卒)인지라 K씨의 힘 아니 드는 한마디의 거절에도 새삼스럽게 실망도 아니한다.",
   "그러나 K사장은 우선 고개를 좌우로 두어 번 흔들고는 여전히 하품 섞인 대답을 한다."
  ],
  "어요": [
   "우리집 다이쇼(主人)도 잘 알고 하는데, 그이가 늘 나더러 죄선 오깜상하고 살았으면 좋겠다고, 중매 서달라고 그래쌌어요.",
   "아―니, 그러니 그게 생 날부랑당놈의 짓이 아니고 무어요?",
   "그리고서 억지로 남의 것을 뺏어 먹자고 들다니 그놈들이 부랑당이지 무어요."
  ],
  "았다": [
   "이렇게 말하고 P는 지금까지 외면하였던 얼굴을 돌리어 K사장을 조심성 있게 바라보았다.",
   "그리하여 부르주아지는 '가보'를 잡고, 공부한 일부의 지식꾼은 진주(다섯 끗)를 잡았다.",
   "그러나 노동자와 농민은 무대를 잡았다."
  ],
  "저씨": [],
  "없다": [
   "안녕히 계십시오, 하고 일어서는 것밖에는 별수가 없다.",
   "그러나 빼앗아 놓고 보니 이제 겨우 너댓 살밖에 아니 먹은 것을 자기 손으로 어찌할 수가 없다.",
   "그 어린것이 굶기를 먹듯 하고 재주는 있으면서 남의 집 아이들이 학교에 다니는 것을 부러워하는 꼴은 차마 애처로워 볼 수가 없다."
  ],
  "니까": [
   "\"무얼 먹고 헌신적으로 그런 사업을 합니까……?",
   "먹을 것이 있어서 그런 농촌사업이라도 할 신세라면 이렇게 취직을 못 해서 애를 쓰겠습니까?\"",
   "그리고 조선의 지식 청년들이 모두 그런 인도주의자가 되어집니까?\""
  ],
  "니다": [
   "저희 같은 사람이 농촌에 가서 할 일이 있을 것 같잖습니다.\"",
   "\"그렇지만 지금 조선 농촌에서는 문맹퇴치니 생활개선이니 합네 하고 손끝이 하―얀 대학이나 전문학교 졸업생들이 몰려오는 것을 그다지 반겨하기는커녕 머릿살을 앓을 것입니다……",
   "철저한 ××주의자라면 이렇게 선생님한테 와서 취직운동도 아니 합니다.\""
  ],
  "이야": [
   "농민의 구 할은 언문도 모른단 말이야!",
   "자기가 먹고 살 재산이 있으면서 사회를 위해서 일도 아니하고 번들번들 논다는 것은 그것은 타락된 생각이야.\"",
   "저렇게 젊고 똑똑한 이가 저게 모다 가난한 탓이야!"
  ]
 }
}