{
 "author": "chaems",
 "analyzer": "kiwi",
 "n_chunks": 67,
 "chunk_sents": 15,
 "n_sentences": 1005,
 "cat": {
  "endings": {
   "vocab": [
    "다",
    "명사종결",
    "ᆫ다",
    "지요",
    "어요",
    "어",
    "지",
    "오",
    "야",
    "우",
    "는다",
    "냐",
    "니",
    "나요",
    "ᆫ가",
    "어야지요",
    "ᆸ디다",
    "구",
    "요",
    "ᆫ데",
    "게",
    "ᆫ고",
    "어야지",
    "구려",
    "나"
   ],
   "mean_dist": [
    0.44715447154410953,
    0.09349593495922291,
    0.09078590785895557,
    0.04878048780481195,
    0.04336043360427729,
    0.039295392953876296,
    0.0352303523034753,
    0.03252032520320797,
    0.02845528455280697,
    0.018970189701871313,
    0.016260162601603984,
    0.016260162601603984,
    0.012195121951202988,
    0.010840108401069323,
    0.009485094850935656,
    0.009485094850935656,
    0.006775067750668326,
    0.006775067750668326,
    0.0054200542005346615,
    0.0054200542005346615,
    0.0054200542005346615,
    0.0054200542005346615,
    0.004065040650400996,
    0.004065040650400996,
    0.004065040650400996
   ],
   "js_mean": 0.3860203595845751,
   "js_std": 0.15269525212500198
  },
  "connectives": {
   "vocab": [
    "고",
    "어",
    "게",
    "지",
    "어서",
    "면",
    "니",
    "면서",
    "어도",
    "며",
    "라고",
    "다고",
    "으면",
    "지만",
    "다",
    "다가",
    "라도",
    "라",
    "니까",
    "나",
    "구",
    "어야",
    "더니",
    "ᆫ데",
    "는데"
   ],
   "mean_dist": [
    0.2555092316853749,
    0.2394282310897919,
    0.06551518761163459,
    0.06075044669442481,
    0.058963668850471135,
    0.033948779035119746,
    0.03335318642046852,
    0.025014889815351393,
    0.022632519356746497,
    0.022036926742095272,
    0.017272185824885485,
    0.015485407980931813,
    0.01488981536628059,
    0.013698630136978142,
    0.013698630136978142,
    0.012507444907675696,
    0.011911852293024472,
    0.011911852293024472,
    0.011911852293024472,
    0.011911852293024472,
    0.011911852293024472,
    0.010125074449070801,
    0.008933889219768353,
    0.00833829660511713,
    0.00833829660511713
   ],
   "js_mean": 0.23324662829958318,
   "js_std": 0.11015193039076623
  },
  "particles": {
   "vocab": [
    "이",
    "을",
    "가",
    "는",
    "에",
    "를",
    "의",
    "도",
    "은",
    "으로",
    "로",
    "만",
    "에서",
    "ᆯ",
    "ᆫ",
    "이나",
    "와",
    "에게",
    "까지",
    "나",
    "과",
    "더러",
    "두",
    "부터",
    "같이"
   ],
   "mean_dist": [
    0.14047287899856034,
    0.12343532684279436,
    0.09561891515991112,
    0.09527121001387508,
    0.07788595271207306,
    0.07579972183585681,
    0.07371349095964057,
    0.0705841446453162,
    0.05458970792765835,
    0.034770514603604044,
    0.02155771905423451,
    0.020862308762162426,
    0.018428372739910142,
    0.013908205841441618,
    0.012169680111261415,
    0.011474269819189335,
    0.011474269819189335,
    0.011126564673153294,
    0.008692628650901011,
    0.007301808066756849,
    0.005563282336576647,
    0.004172461752432485,
    0.004172461752432485,
    0.0034770514603604044,
    0.0034770514603604044
   ],
   "js_mean": 0.15878336665882256,
   "js_std": 0.09357265659787524
  },
  "adverbs": {
   "vocab": [
    "못",
    "다",
    "더",
    "또",
    "그러나",
    "잘",
    "그리고",
    "좀",
    "왜",
    "안",
    "없이",
    "아니",
    "그러니까",
    "차라리",
    "모두",
    "시방",
    "그러면",
    "꼭",
    "너무",
    "참",
    "늘",
    "퍽",
    "마침",
    "지금",
    "그래서"
   ],
   "mean_dist": [
    0.11855670103062228,
    0.11340206185537784,
    0.07731958762866671,
    0.07474226804104447,
    0.054123711340066695,
    0.046391752577200025,
    0.046391752577200025,
    0.046391752577200025,
    0.046391752577200025,
    0.04123711340195558,
    0.030927835051466682,
    0.02835051546384446,
    0.025773195876222236,
    0.023195876288600013,
    0.023195876288600013,
    0.023195876288600013,
    0.02061855670097779,
    0.02061855670097779,
    0.02061855670097779,
    0.02061855670097779,
    0.02061855670097779,
    0.02061855670097779,
    0.02061855670097779,
    0.018041237113355563,
    0.018041237113355563
   ],
   "js_mean": 0.5610045919531855,
   "js_std": 0.19376777396847952
  }
 },
 "scalars": {
  "sent_len_mean": {
   "mean": 8.9044776119403,
   "std": 3.257265869715917
  },
  "sent_len_std": {
   "mean": 6.486200211771253,
   "std": 2.6726648052229183
  },
  "sent_len_p90": {
   "mean": 14.880597014925373,
   "std": 5.895919125135651
  },
  "dialog_ratio": {
   "mean": 0.28059701492537314,
   "std": 0.28576795685524065
  },
  "comma_per_sent": {
   "mean": 0.3771144278606965,
   "std": 0.4147451796232146
  },
  "excl_per_sent": {
   "mean": 0.05671641791044776,
   "std": 0.07123988982952735
  },
  "quest_per_sent": {
   "mean": 0.17412935323383083,
   "std": 0.18571013769099118
  },
  "ellipsis_per_sent": {
   "mean": 0.11144278606965174,
   "std": 0.13202746570956572
  },
  "dash_per_1k_ej": {
   "mean": 3.3164046642864564,
   "std": 6.89339560687315
  },
  "redup_per_1k_ej": {
   "mean": 3.4841875400338758,
   "std": 6.929274934513404
  }
 },
 "ban_list": {
  "endings": [
   "ᆯ까"
  ],
  "connectives": [],
  "particles": [],
  "adverbs": []
 },
 "example_bank": {
  "다": [
   "미상불 그는 두 팔을 쭉― 내뻗고 기지개라도 한 번 쓰고 싶은 것을 겨우 참는 눈치다.",
   "대답이 그렇게 나왔으니 이제 더 졸라도 별수가 없는 것이지만 허실삼아 한마디 더 해보는 것이다.",
   "이렇게 말하고 P는 지금까지 외면하였던 얼굴을 돌리어 K사장을 조심성 있게 바라보았다."
  ],
  "명사종결": [
   "팔백 원은 떼어 버리고 이만 사천 원 사만 팔천 원 구만 육천 원 십구만 이천 원 삼십팔만 사천 원 칠십육만 팔천 원 일백오십삼만 육천 원…….",
   "좀더 남의 눈에 띄고 좀더 재미있고 그리고 자유로운 생활.",
   "주인은 미스터 방(方), 나그네는 주인의 고향 사람 백(白)주사."
  ],
  "ᆫ다": [
   "K사장은 안락의자에 푹신 파묻힌 몸을 뒤로 벌―떡 젖히며 하품을 하듯이 시원찮게 대답을 한다.",
   "그러나 K사장은 우선 고개를 좌우로 두어 번 흔들고는 여전히 하품 섞인 대답을 한다.",
   "K사장은 P가 낙심해하는 것을 보고 별로 밑천이 들지 아니하는 일이라서 알뜰히 걱정을 나누어 준다."
  ],
  "지요": [
   "\"내가 학교 공부를 해본 나머지 그게 못쓰겠으니까 자식은 딴 공부를 시키겠다는 것이지요.\"",
   "공부를 다 마치고 오더니만, 그 담에는 그놈의 짓에 들입다 발광해 다니면서 명색 학생 출신이라는 딴 여편네를 얻어 살았지요.",
   "그래 그 뒤에, 그 양반은 필경 붙들려 가서 오 년이나 전중이를 살았지요."
  ],
  "어요": [
   "\"거 참 모를 일이오…… 우리 같은 놈은 이 짓을 해가면서도 자식을 공부시키느라고 애를 쓰는데 되려 공부시킬 줄 아는 양반이 보통학교도 아니 마친 자제를 공장엘 보내요?\"",
   "팔자 팔자 하지만 왜 팔자를 고치지를 못하고서 그래요.",
   "심덕 좋겠다, 솜씨 얌전하겠다 하니, 어디 가선들 자기 일신 몸 가누고 편안히 못 지내요?"
  ],
  "어": [
   "\"그래 관허도 좋아…… 그래 가지고는 기에다가는 무어라고 쓰느냐 하면 '우리에게 향학열을 고취한 놈이 누구냐?' ……어때?\"",
   "\"드끄럽소, 여보…… 아 글쎄 멀끔멀끔한 양복쟁이들이 종로 네거리로 기를 받고 그렇게 다녀 봐!",
   "본 지가 하도 오래라서 낯을 잊었어.\""
  ],
  "지": [
   "한편으로는 한 행셋거리로, 또 한편으로는 구직꾼 격퇴의 수단으로 자룡이 헌 창 쓰듯 썼을 뿐이지.",
   "\"가령 응…… 저…… 문맹퇴치운동도 있지.",
   "\"그거야 성의 있게 하면 자연 돈도 생기는 거지.\""
  ],
  "오": [
   "열여덟 해면 이십 년 아니오.",
   "그나마, 부자 사람네가 모아 둔 걸 다 뺏기고 더는 못 먹여 내는 날이면 그때는 이 세상 망하는 날이 아니오?",
   "그런 걸 다 잘 분간해서 이럴 건 이러고 저럴 건 저러라고 지시하고, 그 덕에 백성들은 제각기 제 분수대로 편안히 살도록 애써 주는 게 나라 아니오?"
  ],
  "야": [
   "\"그렇지만 내가 늘 말하는 것인데…… 저렇게 취직만 하려고 애를 쓸 게 아니야.",
   "농민의 구 할은 언문도 모른단 말이야!",
   "\"그게 모다 가난한 탓이지…… 저렇게 젊고 똑똑한 이가 저게 모다 가난한 탓이야!"
  ],
  "우": [
   "\"내 참, 이래봬두, 응, 동양 삼국 물 다 먹어 본 방삼(方三)복이우.",
   "일색소박은 있어도 박색소박은 없다더니, 사실 소박맞은 우리 아주머니가 그 여편네게다 대면 월등 이뻤다우.",
   "아무튼 그런 것말고라도 참, 흰말이 아니라 이날 이때까지 내가 그 아주머니 뒤도 많이 보아 주었다우."
  ],
  "는다": [
   "말거리를 찾지 못하여 머뭇거리고 섰던 안방 노인이 동정이나 하는 듯이 이렇게 묻는다.",
   "노인은 자기의 말거리를 만들려고 아니라는데도 이렇게 걱정을 내어놓는다.",
   "M이 그러잖아도 벌씸한 코를 한번 더 벌씸하고 사이 벌어진 앞니를 내어 보이며 싱끗 웃는다."
  ],
  "냐": [
   "'이게 웬 떡이냐…… 어제 저녁에 꿈이 괜찮더니 이런 땡을 잡을 양으로 그랬구나…… 웬 얼간망둥이냐.'",
   "아따 저 거시키, 한참 당년에 무엇이냐",
   "사람이란 건 이목구비하며 사지육신을 꼭 같이 타고났는데, 누구는 부자로 잘살고 누구는 가난하다니 그게 될 말이냐."
  ]
 }
}