{
 "author": "hyunjg",
 "analyzer": "surface",
 "n_chunks": 52,
 "chunk_sents": 15,
 "n_sentences": 780,
 "cat": {
  "endings": {
   "vocab": [
    "었다",
    "였다",
    "이다",
    "았다",
    "한다",
    "는다",
    "셔요",
    "없다",
    "있다",
    "렸다",
    "왔다",
    "이야",
    "이요",
    "간다",
    "린다",
    "른다",
    "지요",
    "온다",
    "친다",
    "난다",
    "어요",
    "졌다",
    "니다",
    "인가",
    "하다"
   ],
   "mean_dist": [
    0.23931623931572796,
    0.14957264957232996,
    0.07264957264941742,
    0.07051282051266984,
    0.05341880341868928,
    0.04487179487169899,
    0.03846153846145628,
    0.029914529914465995,
    0.025641025640970854,
    0.02350427350422328,
    0.02350427350422328,
    0.01923076923072814,
    0.01923076923072814,
    0.01923076923072814,
    0.01709401709398057,
    0.01709401709398057,
    0.01709401709398057,
    0.01709401709398057,
    0.01709401709398057,
    0.014957264957232997,
    0.014957264957232997,
    0.014957264957232997,
    0.014957264957232997,
    0.012820512820485427,
    0.012820512820485427
   ],
   "js_mean": 0.41851403339964277,
   "js_std": 0.09923894102487803
  },
  "connectives": {
   "vocab": [
    "고",
    "며",
    "다가",
    "으며",
    "려고",
    "어서",
    "면서",
    "든지",
    "아서",
    "는데",
    "도록",
    "지만",
    "거나",
    "니까",
    "자마자"
   ],
   "mean_dist": [
    0.6701902748400208,
    0.14799154334006767,
    0.03805496828744597,
    0.027484143763155427,
    0.025369978858297317,
    0.021141649048581096,
    0.019027484143722986,
    0.010570824524290548,
    0.008456659619432438,
    0.008456659619432438,
    0.006342494714574329,
    0.006342494714574329,
    0.004228329809716219,
    0.004228329809716219,
    0.0021141649048581094
   ],
   "js_mean": 0.15991247268750736,
   "js_std": 0.06373481849126589
  },
  "particles": {
   "vocab": [
    "는",
    "을",
    "이",
    "에",
    "가",
    "를",
    "은",
    "도",
    "의",
    "로",
    "나",
    "으로",
    "만",
    "하고",
    "에서",
    "에게",
    "까지",
    "과",
    "와",
    "처럼",
    "이나",
    "조차",
    "밖에",
    "부터",
    "보다"
   ],
   "mean_dist": [
    0.16116573033702206,
    0.1446629213482638,
    0.13026685393253853,
    0.08532303370783521,
    0.07689606741570333,
    0.06917134831458245,
    0.06285112359548355,
    0.058988764044923106,
    0.049157303370769255,
    0.029494382022461553,
    0.022823033707857154,
    0.019311797752802208,
    0.01790730337078023,
    0.012289325842692314,
    0.010884831460670336,
    0.008778089887637367,
    0.007724719101120883,
    0.007373595505615388,
    0.0066713483146043995,
    0.00526685393258242,
    0.004564606741571431,
    0.0024578651685384627,
    0.002106741573032968,
    0.002106741573032968,
    0.0017556179775274734
   ],
   "js_mean": 0.09076570231313304,
   "js_std": 0.035044531221213523
  },
  "adverbs": {
   "vocab": [
    "또",
    "다",
    "왜",
    "그러나",
    "벌써",
    "좀",
    "그리고",
    "몹시",
    "문득",
    "꼭",
    "매우",
    "다시",
    "지금",
    "아직",
    "물론",
    "늘",
    "또한",
    "그래서",
    "오히려",
    "그런데",
    "어느덧",
    "어찌",
    "가끔",
    "퍽",
    "갑자기"
   ],
   "mean_dist": [
    0.20529801324367353,
    0.07284768211872286,
    0.07284768211872286,
    0.06622516556247533,
    0.059602649006227804,
    0.059602649006227804,
    0.04635761589373273,
    0.0397350993374852,
    0.0397350993374852,
    0.033112582781237666,
    0.033112582781237666,
    0.033112582781237666,
    0.026490066224990134,
    0.026490066224990134,
    0.026490066224990134,
    0.0198675496687426,
    0.0198675496687426,
    0.0198675496687426,
    0.0198675496687426,
    0.0198675496687426,
    0.0198675496687426,
    0.013245033112495067,
    0.013245033112495067,
    0.0066225165562475334,
    0.0066225165562475334
   ],
   "js_mean": 0.6214268575517283,
   "js_std": 0.20025723840792095
  }
 },
 "scalars": {
  "sent_len_mean": {
   "mean": 8.292307692307691,
   "std": 2.5396060615891765
  },
  "sent_len_std": {
   "mean": 5.072903386904989,
   "std": 1.9858068901345032
  },
  "sent_len_p90": {
   "mean": 12.807692307692308,
   "std": 4.2428150195289955
  },
  "dialog_ratio": {
   "mean": 0.17307692307692307,
   "std": 0.09806644824237505
  },
  "comma_per_sent": {
   "mean": 0.26282051282051283,
   "std": 0.17706701688375812
  },
  "excl_per_sent": {
   "mean": 0.08333333333333333,
   "std": 0.08358935032155405
  },
  "quest_per_sent": {
   "mean": 0.035897435897435895,
   "std": 0.057678060918984586
  },
  "ellipsis_per_sent": {
   "mean": 0.019230769230769232,
   "std": 0.05
  },
  "dash_per_1k_ej": {
   "mean": 0.36390146656154343,
   "std": 1.472939975052005
  },
  "redup_per_1k_ej": {
   "mean": 8.256385893440212,
   "std": 9.004849726918938
  }
 },
 "ban_list": {
  "endings": [],
  "connectives": [],
  "particles": [],
  "adverbs": [
   "차라리",
   "결국",
   "썩",
   "제법",
   "역시"
  ]
 },
 "example_bank": {
  "었다": [
   "나는 입맛을 쩍쩍 다시고 폈던 책을 덮으며 후― 한숨을 내쉬었다.",
   "늦게야 점심을 마치고 내가 막 궐련〔卷煙〕한 개를 피워 물 적에 한성은행(漢城銀行) 다니는 T가 공일이라고 놀러 왔었다.",
   "그는 성실하고 공순하며 소소한 소사(小事)에 슬퍼하고 기뻐하는 인물이었다."
  ],
  "였다": [
   "다만 이 T는 촌수가 가까운 까닭인지 자주 우리를 방문하였다.",
   "그러고 그가 우리집에 올 것 같으면 지어서 쾌활하게 웃으며 힘써 자미스러운 이야기를 하였다.",
   "예술가의 처 노릇을 하려는 독특(獨特)한 결심이 있는 그는 좀처럼 이런 소리를 입 밖에 내지 아니하였다."
  ],
  "이다": [
   "오늘 밤에 옆집 할멈을 시켜 잡히려 하는 것이다.",
   "내가 문학인지 무엇인지 하는 소리가 까닭 없이 그네들의 비위에 틀린 것이다.",
   "더군다나 나는 그네들의 생일이나 혹은 대사(大事) 때에 돈 한푼 이렇다는 일이 없고 T는 소위 착실히 돈벌이를 하여 가지고 국수밥소래나 보조를 하는 까닭이다."
  ],
  "았다": [
   "나는 우두커니 책상머리에 앉아서 책장만 뒤적뒤적하다가 물어 보았다.",
   "나는 점점 견딜 수 없어 두 손으로 흩어진 머리카락을 쓰다듬어 올리며 중얼거려 보았다.",
   "나는 또 한번, \"후―\" 한숨을 내쉬며 왼팔을 베고 책상에 쓰러지며 눈을 감았다."
  ],
  "한다": [
   "오촌 당숙은 이런 말씀까지 하였다 한다.",
   "그는 구두를 벗고 마루에 올라서며 나오는 웃음을 참지 못하여 벙글벙글하면서 대답을 한다.",
   "그는 '이것보다 더 좋은 것을 살 수가 있나' 하는 뜻을 보이려고 애를 쓰며 이런 발명까지 한다."
  ],
  "는다": [
   "그 수척한 얼굴이 더욱 수척해 보이며 눈물 괸 듯한 눈이 하염없이 웃는다.",
   "하고 우리 앞에 펼쳐 놓는다.",
   "보일 듯 말 듯한 그 상처로부터 좁쌀 낟 같은 핏방울이 송송 솟는다."
  ],
  "셔요": [
   "\"당신도 살 도리를 좀 하셔요.\"",
   "\"왜 마누라는 어쩌고 혼자 오셔요!\"",
   "\"인제 그만 일어나 진지를 잡수셔요.\""
  ],
  "없다": [
   "하고 스스로 멸시를 하고 나니 더욱 견딜 수 없다.",
   "그래도 바늘방석에 앉은 것처럼 앉아 견딜 수가 없다.",
   "또 아니 누를 수 없다."
  ],
  "있다": [
   "여하간 이만하면 T의 사람됨을 가히 알 수가 있다.",
   "그것을 미루어 아내의 심사도 알 수가 있다.",
   "그것을 볼 사이도 없이 아내는 얼른 바늘을 빼고 다른 손 엄지손가락으로 그 상처를 누르고 있다."
  ],
  "렸다": [
   "내가 어려서 장가를 들었으므로 그때 그는 나를 못 견디게 시달렸다.",
   "잘못 신은, 발에 아니 맞는 신을 질질 끌면서 대문으로 달렸다.",
   "할멈은 중간턱을 넘어설 제, 몇 번 혀를 차고는, 저 갈 데로 가버렸다."
  ],
  "왔다": [
   "저도 모르게 대답을 하고 급히 마루로 나왔다.",
   "망설거리면서도 꿈꾸는 사람 모양으로 저도 모를 사이에 마루까지 올라왔다.",
   "어른에게 꾸중 모시러 가는 어린애처럼 조심조심 방문 앞에 왔다."
  ],
  "이야": [
   "\"T는 돈을 알고 위인이 진실해서 그 애는 돈푼이나 모을 것이야!",
   "그러나 K(내 이름)는 아무짝에도 못 쓸 놈이야.",
   "\"그것 보아 돈푼이나 있으면 다 그런 것이야.\""
  ]
 }
}