{
 "author": "hyunjg",
 "analyzer": "kiwi",
 "n_chunks": 51,
 "chunk_sents": 15,
 "n_sentences": 765,
 "cat": {
  "endings": {
   "vocab": [
    "다",
    "ᆫ다",
    "어요",
    "어",
    "는다",
    "명사종결",
    "지",
    "야",
    "요",
    "ᆫ가",
    "게",
    "으랴",
    "지요",
    "더라",
    "라",
    "야요",
    "ᆯ까",
    "노",
    "리라",
    "어라",
    "어야지요",
    "구나",
    "ᆸ니다",
    "구",
    "어야지"
   ],
   "mean_dist": [
    0.5509554140118615,
    0.15286624203797314,
    0.054140127388448825,
    0.05254777070055327,
    0.027070063694224412,
    0.023885350318433304,
    0.023885350318433304,
    0.01751592356685109,
    0.012738853503164428,
    0.009554140127373321,
    0.009554140127373321,
    0.007961783439477768,
    0.007961783439477768,
    0.006369426751582214,
    0.0047770700636866606,
    0.0047770700636866606,
    0.0047770700636866606,
    0.0047770700636866606,
    0.0047770700636866606,
    0.003184713375791107,
    0.003184713375791107,
    0.003184713375791107,
    0.003184713375791107,
    0.003184713375791107,
    0.003184713375791107
   ],
   "js_mean": 0.22825335309103043,
   "js_std": 0.1160868090114523
  },
  "connectives": {
   "vocab": [
    "고",
    "어",
    "며",
    "게",
    "지",
    "어서",
    "다가",
    "더니",
    "니",
    "면",
    "어도",
    "으면",
    "으며",
    "다",
    "라",
    "는지",
    "ᆫ지",
    "건만",
    "면서",
    "려고",
    "으니",
    "나",
    "소",
    "자",
    "는데"
   ],
   "mean_dist": [
    0.258272058823292,
    0.22702205882332074,
    0.08455882352933404,
    0.07628676470581224,
    0.05698529411759468,
    0.04411764705878298,
    0.02205882352939149,
    0.020220588235275533,
    0.020220588235275533,
    0.019301470588217556,
    0.016544117647043617,
    0.016544117647043617,
    0.015624999999985638,
    0.014705882352927661,
    0.013786764705869682,
    0.011029411764695745,
    0.010110294117637766,
    0.010110294117637766,
    0.010110294117637766,
    0.010110294117637766,
    0.010110294117637766,
    0.008272058823521809,
    0.008272058823521809,
    0.008272058823521809,
    0.0073529411764638305
   ],
   "js_mean": 0.21800228149379167,
   "js_std": 0.06084351555987666
  },
  "particles": {
   "vocab": [
    "을",
    "이",
    "에",
    "는",
    "를",
    "가",
    "의",
    "도",
    "은",
    "으로",
    "로",
    "에게",
    "에서",
    "만",
    "과",
    "까지",
    "와",
    "이나",
    "처럼",
    "같이",
    "나",
    "보다",
    "ᆫ",
    "조차",
    "마다"
   ],
   "mean_dist": [
    0.17428315412178572,
    0.12813620071678847,
    0.11379928315407088,
    0.0940860215053342,
    0.08646953405014048,
    0.08198924731179122,
    0.07482078853043243,
    0.05958781362004499,
    0.04838709677417187,
    0.025985663082425635,
    0.02195340501791131,
    0.014784946236552516,
    0.012992831541212817,
    0.00851254480286357,
    0.00851254480286357,
    0.00761648745519372,
    0.005824372759854021,
    0.005824372759854021,
    0.005824372759854021,
    0.004480286738349247,
    0.0035842293906793977,
    0.0035842293906793977,
    0.0035842293906793977,
    0.002688172043009548,
    0.002688172043009548
   ],
   "js_mean": 0.10971387455459897,
   "js_std": 0.03827018754145125
  },
  "adverbs": {
   "vocab": [
    "또",
    "못",
    "왜",
    "아니",
    "다",
    "없이",
    "벌써",
    "그러나",
    "어서",
    "그만",
    "더욱",
    "그래도",
    "같이",
    "오늘",
    "좀",
    "안",
    "그리고",
    "잘",
    "어찌",
    "마치",
    "문득",
    "어째",
    "아직",
    "막",
    "더"
   ],
   "mean_dist": [
    0.11627906976705556,
    0.09966777408604761,
    0.08637873754124127,
    0.06644518272403174,
    0.0531561461792254,
    0.04983388704302381,
    0.04651162790682222,
    0.03654485049821746,
    0.03654485049821746,
    0.03322259136201587,
    0.03322259136201587,
    0.03322259136201587,
    0.03322259136201587,
    0.0265780730896127,
    0.0265780730896127,
    0.0265780730896127,
    0.02325581395341111,
    0.02325581395341111,
    0.02325581395341111,
    0.02325581395341111,
    0.02325581395341111,
    0.019933554817209525,
    0.019933554817209525,
    0.019933554817209525,
    0.019933554817209525
   ],
   "js_mean": 0.5805379918089676,
   "js_std": 0.1285254157249337
  }
 },
 "scalars": {
  "sent_len_mean": {
   "mean": 8.515032679738562,
   "std": 2.418234233322095
  },
  "sent_len_std": {
   "mean": 5.630150955191701,
   "std": 2.274622093530497
  },
  "sent_len_p90": {
   "mean": 13.313725490196079,
   "std": 4.3678423626587675
  },
  "dialog_ratio": {
   "mean": 0.1803921568627451,
   "std": 0.10910139406465534
  },
  "comma_per_sent": {
   "mean": 0.32156862745098036,
   "std": 0.2521215885226916
  },
  "excl_per_sent": {
   "mean": 0.08627450980392158,
   "std": 0.0888504338194323
  },
  "quest_per_sent": {
   "mean": 0.0392156862745098,
   "std": 0.06355684068571617
  },
  "ellipsis_per_sent": {
   "mean": 0.0261437908496732,
   "std": 0.05
  },
  "dash_per_1k_ej": {
   "mean": 0.3750923539130966,
   "std": 1.5028619542635964
  },
  "redup_per_1k_ej": {
   "mean": 8.641300684339777,
   "std": 8.413611980646834
  }
 },
 "ban_list": {
  "endings": [],
  "connectives": [],
  "particles": [],
  "adverbs": []
 },
 "example_bank": {
  "다": [
   "나는 우두커니 책상머리에 앉아서 책장만 뒤적뒤적하다가 물어 보았다.",
   "오늘 밤에 옆집 할멈을 시켜 잡히려 하는 것이다.",
   "나는 입맛을 쩍쩍 다시고 폈던 책을 덮으며 후― 한숨을 내쉬었다."
  ],
  "ᆫ다": [
   "아내가 장문을 열고 무엇을 찾더니 입안말로 중얼거린다.",
   "이 말이 더욱 처량한 생각을 일으킨다.",
   "이 순간에 오늘 지낸 일이 불현듯 생각이 난다."
  ],
  "어요": [
   "\"당신도 살 도리를 좀 하셔요.\"",
   "저는 꼭 당신의 이름이 세상에 빛날 날이 있을 줄 믿어요.",
   "\"왜 마누라는 어쩌고 혼자 오셔요!\""
  ],
  "어": [
   "\"얼마 아니 되어 T는 잘살 것이고 K는 거지가 될 것이니 두고 보아!\"",
   "\"막벌이꾼한테 시집을 갈 것이지 누가 내게 시집을 오랬어!",
   "참 옳지, 오늘이 이월 열엿샛날이지, 나는 깜빡 잊었어!\""
  ],
  "는다": [
   "그 수척한 얼굴이 더욱 수척해 보이며 눈물 괸 듯한 눈이 하염없이 웃는다.",
   "하고 우리 앞에 펼쳐 놓는다.",
   "그의 남편은 미친 듯이 껄껄 웃는다."
  ],
  "명사종결": [
   "\"아니야요, 벌써…… 저 인천(仁川) 사시는 형님이 오셨던 날…….\"",
   "시시로 퐁퐁 하고 떨어지는 수도의 물방울 소리가 쓸쓸하게 들릴 뿐.",
   "따라서 의사에게 보인 적이 없으니 무슨 병인지는 알 수 없으되 반듯이 누워 가지고, 일어나기는새로 모로도 못 눕는걸 보면 중증은 중증인 듯."
  ],
  "지": [
   "\"점점 구차한 살림에 싫증이 나서 못 견디겠지?\"",
   "\"올 적에 사랑양반을 졸라서 돈 백 원을 얻었겠지.",
   "'어느 때라도 제 은공을 갚아 줄 날이 있겠지!'"
  ],
  "야": [
   "\"T는 돈을 알고 위인이 진실해서 그 애는 돈푼이나 모을 것이야!",
   "그러나 K(내 이름)는 아무짝에도 못 쓸 놈이야.",
   "저 따위가 예술가의 처가 다 뭐야!\""
  ],
  "요": [
   "어쩌면 아버님 생신을 잊으신단 말씀이요.",
   "“천만에, 누가 술이 취했단 말이요.",
   "홧증이 술을 권하는 것도 아니고, '하이칼라'가 술을 권하는 것도 아니요."
  ],
  "ᆫ가": [
   "“압다, 재미 안 좋다고 술 못 먹을 낸가.",
   "치삼은 어이없이 주정뱅이를 바라보며, “금방 웃고 지랄을 하더니 우는 건 또 무슨 일인가.”"
  ],
  "게": [
   "어서 인력거 한 채 불러 오게.\"",
   "돈 많이 벌었을 테니 한 잔 빨리게.”"
  ],
  "으랴": [
   "그것도 한번 두번 말이지 장구한 세월에 어찌 늘 그럴 수가 있으랴!",
   "이런 줄을 점점 깨닫게 될 때에 내 마음이 얼마나 행복스러웠으랴!",
   "이 길고 긴 세월에 아내는 얼마나 괴로왔으며 외로왔으랴!"
  ]
 }
}