{
 "author": "kimyj",
 "analyzer": "surface",
 "n_chunks": 54,
 "chunk_sents": 15,
 "n_sentences": 810,
 "cat": {
  "endings": {
   "vocab": [
    "이다",
    "었다",
    "았다",
    "였다",
    "린다",
    "는다",
    "한다",
    "른다",
    "리라",
    "했다",
    "니다",
    "없다",
    "니까",
    "진다",
    "웠다",
    "렸다",
    "본다",
    "닌가",
    "더니",
    "된다",
    "리고",
    "온다",
    "왔다",
    "간다",
    "장님"
   ],
   "mean_dist": [
    0.16153846153804735,
    0.16153846153804735,
    0.08717948717926365,
    0.06666666666649573,
    0.06666666666649573,
    0.05641025641011177,
    0.04102564102553583,
    0.028205128205055885,
    0.028205128205055885,
    0.025641025640959894,
    0.025641025640959894,
    0.023076923076863907,
    0.023076923076863907,
    0.023076923076863907,
    0.020512820512767916,
    0.020512820512767916,
    0.020512820512767916,
    0.017948717948671925,
    0.017948717948671925,
    0.015384615384575938,
    0.015384615384575938,
    0.015384615384575938,
    0.012820512820479947,
    0.012820512820479947,
    0.012820512820479947
   ],
   "js_mean": 0.4788280851614367,
   "js_std": 0.13928748908289043
  },
  "connectives": {
   "vocab": [
    "고",
    "며",
    "니까",
    "다가",
    "어서",
    "지만",
    "는데",
    "든지",
    "아서",
    "으며",
    "도록",
    "면서",
    "려고",
    "으면서",
    "거나"
   ],
   "mean_dist": [
    0.6794871794859351,
    0.08241758241743147,
    0.043956043955963454,
    0.0402930402929665,
    0.029304029303975635,
    0.023809523809480204,
    0.02014652014648325,
    0.014652014651987818,
    0.014652014651987818,
    0.01282051282048934,
    0.010989010988990864,
    0.010989010988990864,
    0.009157509157492385,
    0.0036630036629969544,
    0.0036630036629969544
   ],
   "js_mean": 0.17516299565748447,
   "js_std": 0.060688131987792486
  },
  "particles": {
   "vocab": [
    "는",
    "이",
    "을",
    "가",
    "를",
    "은",
    "에",
    "도",
    "나",
    "만",
    "로",
    "의",
    "으로",
    "에서",
    "하고",
    "이나",
    "까지",
    "와",
    "마다",
    "부터",
    "에게",
    "과",
    "보다",
    "처럼",
    "밖에"
   ],
   "mean_dist": [
    0.1425101214574322,
    0.1344129554655326,
    0.12914979757079792,
    0.08542510121454032,
    0.07773279352223574,
    0.07368421052628596,
    0.06072874493924667,
    0.058299595141676805,
    0.03684210526314298,
    0.03603238866395302,
    0.03603238866395302,
    0.034008097165978135,
    0.02753036437245849,
    0.017004048582989068,
    0.008097165991899555,
    0.008097165991899555,
    0.008097165991899555,
    0.006477732793519645,
    0.0036437246963548003,
    0.0036437246963548003,
    0.0036437246963548003,
    0.0032388663967598224,
    0.002024291497974889,
    0.002024291497974889,
    0.0016194331983799112
   ],
   "js_mean": 0.10806056667399774,
   "js_std": 0.043880628085014126
  },
  "adverbs": {
   "vocab": [
    "그러나",
    "좀",
    "그리고",
    "또",
    "다",
    "다시",
    "왜",
    "하지만",
    "꼭",
    "늘",
    "퍽",
    "썩",
    "그런데",
    "가끔",
    "결국",
    "물론",
    "몹시",
    "또한",
    "매우",
    "제법",
    "아직",
    "결코",
    "거반",
    "어느덧",
    "과연"
   ],
   "mean_dist": [
    0.12785388127795502,
    0.12328767123231377,
    0.10958904109539001,
    0.10502283104974876,
    0.09589041095846626,
    0.059360730593336256,
    0.05022831050205375,
    0.031963470319488756,
    0.031963470319488756,
    0.027397260273847503,
    0.027397260273847503,
    0.027397260273847503,
    0.027397260273847503,
    0.018264840182565002,
    0.018264840182565002,
    0.018264840182565002,
    0.013698630136923752,
    0.013698630136923752,
    0.013698630136923752,
    0.013698630136923752,
    0.009132420091282501,
    0.009132420091282501,
    0.009132420091282501,
    0.009132420091282501,
    0.009132420091282501
   ],
   "js_mean": 0.5466201238712299,
   "js_std": 0.1275075117384079
  }
 },
 "scalars": {
  "sent_len_mean": {
   "mean": 8.154320987654321,
   "std": 1.9871945638048343
  },
  "sent_len_std": {
   "mean": 4.458288905569394,
   "std": 1.8180274531714538
  },
  "sent_len_p90": {
   "mean": 11.907407407407407,
   "std": 3.290100294083801
  },
  "dialog_ratio": {
   "mean": 0.16049382716049382,
   "std": 0.1431672989069059
  },
  "comma_per_sent": {
   "mean": 0.32962962962962966,
   "std": 0.181178886053852
  },
  "excl_per_sent": {
   "mean": 0.06790123456790123,
   "std": 0.10060781595989796
  },
  "quest_per_sent": {
   "mean": 0.046913580246913576,
   "std": 0.07100643873851065
  },
  "ellipsis_per_sent": {
   "mean": 0.02716049382716049,
   "std": 0.05214496810356266
  },
  "dash_per_1k_ej": {
   "mean": 3.079384323370704,
   "std": 6.025461090530803
  },
  "redup_per_1k_ej": {
   "mean": 6.846265603162682,
   "std": 8.319172186893185
  }
 },
 "ban_list": {
  "endings": [
   "이오"
  ],
  "connectives": [],
  "particles": [],
  "adverbs": [
   "차라리",
   "이미",
   "도무지",
   "가장",
   "그래서"
  ]
 },
 "example_bank": {
  "이다": [
   "이 자라야 한다는 것은 내가 아니라 장차 내 아내가 될 점순이의 키 말이다.",
   "이태면 이태, 삼 년이면 삼 년, 기한을 딱 작정하고 일을 했어야 원 할 것이다.",
   "시치미를 딱 떼고 도리어 그런 소리가 나올까 봐서 지레 펄펄 뛰고 이 야단이다."
  ],
  "었다": [
   "아하, 물동이를 자꾸 이니까 뼈다귀가 움츠러드나 보다, 하고 내가 넌짓넌짓이 그 물을 대신 길어도 주었다.",
   "이번엔 안 된다 하고 대뜸 구장님한테로 판단 가자고 소맷자락을 내끌었다.",
   "우리가 구장님을 찾아갔을 때 그는 싸리문 밖에 있는 돼지우리에서 죽을 퍼주고 있었다."
  ],
  "았다": [
   "이래서 나는 애최 계약이 잘못된 걸 알았다.",
   "개돼지는 푹푹 크는데 왜 이리도 사람은 안 크는지, 한동안 머리가 아프도록 궁리도 해보았다.",
   "그리고 겨드랑에 꼈던 벼 담긴 키를 그냥 땅바닥에 털썩, 떨어치며 나도 털썩 주저앉았다."
  ],
  "였다": [
   "물론 머슴을 두면 좋지만 그건 돈이 드니까, 일 잘하는 놈을 고르느라고 연방 바꿔 들였다.",
   "하지만 오늘 아침만 해도 한 친구가 찾아와서 벼를 털 텐데 일 좀 와 해달라는 걸 마다하였다.",
   "그는 돌 위에 걸터앉으며 또 한번 하품을 하였다."
  ],
  "린다": [
   "뭉태는 땅을 얻어 부치다가 떨어진 뒤로는장인님만 보면 공연히 못 먹어서 으릉거린다.",
   "하고 엊그제 산에서와 같이 되우 쫑알거린다.",
   "잔디를 적시며 맑은 샘이 쫄쫄거린다."
  ],
  "는다": [
   "하고 논둑에다 침을 퉤, 뱉는다.",
   "하고 어름어름 담배만 담으면서 늘 하는 소리를 또 늘어놓는다.",
   "뱀두 뱀이래야 좋으냐구 창피스러우니 남 듣는 데는 제발 빙장님, 빙모님, 하라구 일상 당조짐을 받아 오면서 난 그것도 자꾸 잊는다."
  ],
  "한다": [
   "안 간다고 뻗디디고 이렇게 호령은 제 맘대로 하지만 장인님 제가 내 기운은 못 당한다.",
   "이렇게 노래를 하며 소를 부리면 여느 때 같으면 어깨가 으쓱으쓱한다.",
   "봄이 되면 온갖 초목이 물이 오르고 싹이 트고 한다."
  ],
  "른다": [
   "그런데도 미처 못 자랐다니까 이 키는 언제야 자라는 겐지 짜장 영문 모른다.",
   "하지만 장인님이 선뜻, 오냐 낼이라두 성례시켜 주마, 했으면 나도 성가신 걸 그만두었을지 모른다.",
   "나의 생각에 장모님은 제 남편이니까 역성을 할는지도 모른다."
  ],
  "리라": [
   "농군치고 송이파적 나올 놈은 생겨나도 않았으리라.",
   "이 산골이 송이의 본고향이로되 아마 일년에 한 개조차 먹는 놈이 드물리라.",
   "누가 듣던지 그 형 응칠이를 먼저 의심하리라."
  ],
  "했다": [
   "내가 여기에 와서 돈 한푼 안 받고 일하기를 삼 년 하고 꼬박이 일곱 달 동안을 했다.",
   "“어 참 너 일 많이 했다.",
   "고대 잘 내외하다가 이게 무슨 소린가, 하고 난 정신이 얼떨떨했다."
  ],
  "니다": [
   "명색이 좋아 데릴사위지 일하기에 싱겁기도 할 뿐더러 이건 참 아무것도 아니다.",
   "하고 치성도 한두 번 드린 것이 아니다.",
   "그래 내 어저께 싸운 것이지 결코 장인님이 밉다든가 해서가 아니다."
  ],
  "없다": [
   "언젠가는 하도 갑갑해서 자를 가지고 덤벼들어서 그 키를 한번 재 볼까 했다마는, 우리는 장인님이 내외를 해야 한다고 해서 마주 서 이야기도 한마디 하는 법 없다.",
   "송이 두 개가 들어가니 이제는 더 먹을 재미가 없다.",
   "에라, 빌어먹을 거 너들끼리 캐다 먹든 말든 멋대로 하여라, 하고 내던져 두지 않을 수 없다."
  ]
 }
}