{
 "author": "kimyj",
 "analyzer": "surface",
 "n_chunks": 138,
 "chunk_sents": 15,
 "n_sentences": 2070,
 "cat": {
  "endings": {
   "vocab": [
    "었다",
    "이다",
    "였다",
    "았다",
    "린다",
    "는다",
    "한다",
    "른다",
    "없다",
    "본다",
    "진다",
    "렸다",
    "든다",
    "니다",
    "하다",
    "간다",
    "리라",
    "온다",
    "니까",
    "인다",
    "왔다",
    "웠다",
    "난다",
    "닌가",
    "했다"
   ],
   "mean_dist": [
    0.2039800995022846,
    0.13830845771130518,
    0.08059701492529293,
    0.07363184079594663,
    0.06467661691535853,
    0.045771144278561424,
    0.04378109452731962,
    0.03582089552235242,
    0.03482587064673152,
    0.022885572139280712,
    0.022885572139280712,
    0.022885572139280712,
    0.02189054726365981,
    0.01990049751241801,
    0.01791044776117621,
    0.01791044776117621,
    0.01791044776117621,
    0.01691542288555531,
    0.014925373134313507,
    0.014925373134313507,
    0.014925373134313507,
    0.013930348258692606,
    0.012935323383071707,
    0.012935323383071707,
    0.012935323383071707
   ],
   "js_mean": 0.4693474720342739,
   "js_std": 0.1434330473388071
  },
  "connectives": {
   "vocab": [
    "고",
    "며",
    "다가",
    "니까",
    "는데",
    "지만",
    "아서",
    "어서",
    "도록",
    "으며",
    "려고",
    "든지",
    "면서",
    "거나",
    "으면서"
   ],
   "mean_dist": [
    0.6990291262130702,
    0.0933532486929848,
    0.0380881254667378,
    0.033607169529474526,
    0.020911127707228597,
    0.020911127707228597,
    0.020164301717684716,
    0.020164301717684716,
    0.013442867811789811,
    0.012696041822245933,
    0.008961911874526541,
    0.008961911874526541,
    0.005227781926807149,
    0.0029873039581755135,
    0.0014936519790877568
   ],
   "js_mean": 0.1722513588850772,
   "js_std": 0.05927894039541103
  },
  "particles": {
   "vocab": [
    "는",
    "을",
    "이",
    "가",
    "를",
    "은",
    "에",
    "도",
    "로",
    "나",
    "으로",
    "의",
    "만",
    "에서",
    "하고",
    "이나",
    "와",
    "까지",
    "에게",
    "과",
    "부터",
    "마다",
    "보다",
    "처럼",
    "이며"
   ],
   "mean_dist": [
    0.1592241768154925,
    0.12900315741991744,
    0.12464291084045637,
    0.07683055179671074,
    0.07652984513605825,
    0.06540369869191619,
    0.0651029920312637,
    0.06359945872800125,
    0.03879115922417098,
    0.03623515260862483,
    0.03593444594797234,
    0.03563373928731985,
    0.027364306119376427,
    0.013832506390014458,
    0.010524733122837087,
    0.007818373176964693,
    0.007668019846638449,
    0.006615546534354741,
    0.005262366561418544,
    0.0039091865884823464,
    0.0034581265975036145,
    0.002706359945872394,
    0.001503533303262441,
    0.001353179972936197,
    0.0010524733122837088
   ],
   "js_mean": 0.10251850365064559,
   "js_std": 0.036293363240339924
  },
  "adverbs": {
   "vocab": [
    "그러나",
    "좀",
    "그리고",
    "또",
    "다",
    "다시",
    "왜",
    "아주",
    "꼭",
    "그런데",
    "썩",
    "늘",
    "퍽",
    "몹시",
    "하지만",
    "비로소",
    "또한",
    "제법",
    "결국",
    "가끔",
    "거반",
    "물론",
    "벌써",
    "그래서",
    "과연"
   ],
   "mean_dist": [
    0.13227513227489898,
    0.13227513227489898,
    0.12698412698390302,
    0.12345679012323905,
    0.08818342151659933,
    0.07231040564361145,
    0.047619047618963635,
    0.02998236331564377,
    0.026455026454979796,
    0.02469135802464781,
    0.02116402116398384,
    0.01940035273365185,
    0.01940035273365185,
    0.015873015872987877,
    0.015873015872987877,
    0.014109347442655892,
    0.012345679012323906,
    0.012345679012323906,
    0.01058201058199192,
    0.01058201058199192,
    0.008818342151659933,
    0.008818342151659933,
    0.008818342151659933,
    0.008818342151659933,
    0.008818342151659933
   ],
   "js_mean": 0.5444718334072396,
   "js_std": 0.15057062980824992
  }
 },
 "scalars": {
  "sent_len_mean": {
   "mean": 8.201449275362318,
   "std": 2.271357286325779
  },
  "sent_len_std": {
   "mean": 4.3433890488754345,
   "std": 1.7754531956602289
  },
  "sent_len_p90": {
   "mean": 12.079710144927537,
   "std": 3.6237173526940425
  },
  "dialog_ratio": {
   "mean": 0.17729468599033815,
   "std": 0.1418752659873294
  },
  "comma_per_sent": {
   "mean": 0.27246376811594203,
   "std": 0.16882243687640175
  },
  "excl_per_sent": {
   "mean": 0.07246376811594203,
   "std": 0.10071507965633217
  },
  "quest_per_sent": {
   "mean": 0.07246376811594203,
   "std": 0.0873581706281407
  },
  "ellipsis_per_sent": {
   "mean": 0.015458937198067632,
   "std": 0.05
  },
  "dash_per_1k_ej": {
   "mean": 1.4567944986468322,
   "std": 4.029708210232058
  },
  "redup_per_1k_ej": {
   "mean": 6.1856962274268446,
   "std": 7.532084496485405
  }
 },
 "ban_list": {
  "endings": [],
  "connectives": [],
  "particles": [],
  "adverbs": []
 },
 "example_bank": {
  "었다": [
   "그러나 불통버력이 아주 다 풀린 것도 아니었다.",
   "바닥에서 물이 스미어 무르팍이 흔건히 젖었다.",
   "그 꼴을 보는 것도 자식 죽는 걸 보는 게 낫지 차마 못할 경상이었다."
  ],
  "이다": [
   "약이 올라서 죽을둥 살둥 눈이 뒤집힌 이판이다.",
   "입때껏 수재의 지휘를 받아 일을 하여왔고, 앞으로도 역 그러해야 금을 딸 것이다.",
   "밭을 버리면 간수 잘못한 자기 탓이다."
  ],
  "였다": [
   "밤과 달라서 낮엔 되우 흐릿하였다.",
   "이 기미를 알고 지주는 대로하였다.",
   "그는 어쓴 위풍을 보이며 이렇게 분부하였다."
  ],
  "았다": [
   "영식이는 그럴 적마다 데퉁스리 쏘았다.",
   "줄을 찾는다고 콩밭을 통히 뒤집어놓았다.",
   "밭 한가운데다 자리를 펴고 그 위에 시루를 놓았다."
  ],
  "린다": [
   "그러나 간간 우수수 하고 벽이 헐린다.",
   "땅에 무릎을 꿇고 궁뎅이를 번쩍 든 채 식식거린다.",
   "좀더 지펴야 옳을지 혹은 북으로 밀어야 옳을지, 우두머니 망설거린다."
  ],
  "는다": [
   "영식이는 일손을 놓고 소맷자락을 끌어당기어 얼굴의 땀을 훑는다.",
   "그러나 그는 눈도 하나 깜짝하지 않는다.",
   "광부를 삼백여 명이나 부리는 노다지판인데 매일 소출되는 금이 칠십 냥을 넘는다."
  ],
  "한다": [
   "그러나 그런 칙칙한 짓은 안 한다.",
   "시키는 대로 땅에 무릎을 꿇고 벽채로 군버력을 긁어낸 다음 다시 파기 시작한다.",
   "한참을 밭을 헤매다가 산 쪽으로 붙은 한구석에 딱 서며 손가락을 펴들고 설명한다."
  ],
  "른다": [
   "손바닥에 침을 탁 뱉고 곡괭이 자루를 한번 꼰아잡더니 쉴 줄 모른다.",
   "커단 걸대를 뒤툭거리며 사다리로 기어오른다.",
   "게다 밭을 망쳤으니 자칫하면 징역을 갈는지도 모른다."
  ],
  "없다": [
   "땅은 암만을 파도 지수가 없다.",
   "나흘 전 감자 건만 하더라도 나는 저에게 조금도 잘못한 것은 없다.",
   "이 기회를 타서 작은 우리 수탉이 또 날쌔게 덤벼들어 다시 면두를 쪼니 그제서는 감때사나운 그 대강이에서도 피가 흐르지 않을 수 없다."
  ],
  "본다": [
   "흙 한줌을 집어 코밑에 바짝 들여대고 손가락으로 샅샅이 뒤져본다.",
   "암 말 없이 수재를 노려본다.",
   "웃목에 웅크리고 앉아서 맞은쪽에 자빠져 있는 남편을 곁눈으로 살짝 할퀴어본다."
  ],
  "진다": [
   "어떤 때에는 웃벽의 한쪽이 떨어지며 등을 탕 때리고 부서진다.",
   "영식이는 치다 나머지 버력을 짊어진다.",
   "그러나 콩밭 낯짝을 들여다보니 무던히 애통 터진다."
  ],
  "렸다": [
   "영식이는 살기 띤 시선으로 고개를 돌렸다.",
   "멀쩡한 밭에가 구멍이 사면 풍풍 뚫렸다.",
   "금인가 난장을 맞을 건가 그것 때문에 농꾼은 버렸다."
  ]
 }
}