{
 "author": "leehs",
 "analyzer": "surface",
 "n_chunks": 96,
 "chunk_sents": 15,
 "n_sentences": 1440,
 "cat": {
  "endings": {
   "vocab": [
    "었다",
    "였다",
    "이다",
    "았다",
    "렸다",
    "하다",
    "없다",
    "졌다",
    "예요",
    "갔다",
    "어요",
    "같다",
    "일까",
    "있다",
    "을까",
    "웠다",
    "지요",
    "렀다",
    "세요",
    "났다",
    "쳤다",
    "섰다",
    "랐다",
    "던가",
    "된다"
   ],
   "mean_dist": [
    0.2691065661999256,
    0.1270182992463649,
    0.11625403659836786,
    0.07104413347678036,
    0.03659849300318988,
    0.032292787943991076,
    0.027987082884792264,
    0.025834230355192857,
    0.024757804090393156,
    0.023681377825593455,
    0.023681377825593455,
    0.022604951560793753,
    0.02152852529599405,
    0.020452099031194347,
    0.01829924650159494,
    0.01829924650159494,
    0.01829924650159494,
    0.015069967707195835,
    0.015069967707195835,
    0.013993541442396132,
    0.012917115177596429,
    0.011840688912796727,
    0.011840688912796727,
    0.010764262647997024,
    0.010764262647997024
   ],
   "js_mean": 0.4122881882816724,
   "js_std": 0.12303275035116017
  },
  "connectives": {
   "vocab": [
    "고",
    "며",
    "다가",
    "면서",
    "려고",
    "든지",
    "으며",
    "어서",
    "으면서",
    "거나",
    "도록",
    "지만",
    "아서",
    "니까",
    "는데"
   ],
   "mean_dist": [
    0.7384155455893298,
    0.07174887892365957,
    0.03736920777273936,
    0.03288490284001064,
    0.02092675635273404,
    0.019431988041824468,
    0.01644245142000532,
    0.014947683109095744,
    0.011958146487276595,
    0.01046337817636702,
    0.007473841554547872,
    0.005979073243638298,
    0.004484304932728723,
    0.004484304932728723,
    0.002989536621819149
   ],
   "js_mean": 0.18039516215582582,
   "js_std": 0.08980847171665252
  },
  "particles": {
   "vocab": [
    "는",
    "을",
    "이",
    "의",
    "에",
    "은",
    "도",
    "가",
    "를",
    "나",
    "로",
    "으로",
    "에서",
    "과",
    "하고",
    "와",
    "만",
    "이나",
    "에게",
    "까지",
    "부터",
    "에서는",
    "이며",
    "조차",
    "보다"
   ],
   "mean_dist": [
    0.15170670037924278,
    0.13068900126420185,
    0.1262642225031406,
    0.10240202275598886,
    0.08470290771174388,
    0.08422882427305875,
    0.06494943109986331,
    0.05199115044246966,
    0.0507269279393093,
    0.030341340075848554,
    0.022439949431096326,
    0.017225031605559857,
    0.014380530973449055,
    0.01216814159291843,
    0.012010113780023386,
    0.01074589127686303,
    0.008849557522122495,
    0.005056890012641426,
    0.004424778761061248,
    0.003950695322376113,
    0.0033185840707959354,
    0.0026864728192157574,
    0.00173830594184549,
    0.00173830594184549,
    0.0012642225031603564
   ],
   "js_mean": 0.08262240866900601,
   "js_std": 0.030928980857443514
  },
  "adverbs": {
   "vocab": [
    "다시",
    "그러나",
    "문득",
    "벌써",
    "차라리",
    "물론",
    "다",
    "별안간",
    "가장",
    "늘",
    "결국",
    "역시",
    "지금",
    "또한",
    "왜",
    "아직",
    "또",
    "꼭",
    "어느덧",
    "이제",
    "몹시",
    "도무지",
    "모두",
    "비로소",
    "어찌"
   ],
   "mean_dist": [
    0.13901345291417483,
    0.12107623318331356,
    0.09417040358702167,
    0.07174887892344507,
    0.058295964125299124,
    0.05381165919258381,
    0.05381165919258381,
    0.044843049327153175,
    0.04035874439443785,
    0.035874439461722536,
    0.03139013452900722,
    0.03139013452900722,
    0.03139013452900722,
    0.022421524663576588,
    0.022421524663576588,
    0.017937219730861268,
    0.017937219730861268,
    0.017937219730861268,
    0.017937219730861268,
    0.013452914798145952,
    0.013452914798145952,
    0.013452914798145952,
    0.013452914798145952,
    0.013452914798145952,
    0.008968609865430634
   ],
   "js_mean": 0.6555539984707979,
   "js_std": 0.2169617291116534
  }
 },
 "scalars": {
  "sent_len_mean": {
   "mean": 8.84375,
   "std": 2.124413385807079
  },
  "sent_len_std": {
   "mean": 4.699851636236299,
   "std": 1.4046899503542567
  },
  "sent_len_p90": {
   "mean": 13.416666666666666,
   "std": 3.4570780854485896
  },
  "dialog_ratio": {
   "mean": 0.15486111111111112,
   "std": 0.153204895382412
  },
  "comma_per_sent": {
   "mean": 0.13055555555555556,
   "std": 0.2507242595382179
  },
  "excl_per_sent": {
   "mean": 0.006944444444444444,
   "std": 0.05
  },
  "quest_per_sent": {
   "mean": 0.034722222222222224,
   "std": 0.06381336115366745
  },
  "ellipsis_per_sent": {
   "mean": 0.009722222222222222,
   "std": 0.05
  },
  "dash_per_1k_ej": {
   "mean": 3.4150288918056777,
   "std": 6.180045661493773
  },
  "redup_per_1k_ej": {
   "mean": 4.8103510763699076,
   "std": 7.059878584696727
  }
 },
 "ban_list": {
  "endings": [],
  "connectives": [],
  "particles": [],
  "adverbs": [
   "퍽",
   "아주",
   "그리고",
   "썩",
   "그런데"
  ]
 },
 "example_bank": {
  "었다": [
   "지금에는 한 그릇의 밥, 한 권의 책과 똑같은 지위를 마음속에 차지하게 되었다.",
   "하고 곡식의 소식을 묻게 되었다.",
   "남대천 어느 모퉁이를 돌 때 가장 고기가 흔하다는 것도 알게 되었다."
  ],
  "였다": [
   "군청고원 득추는 일껀 옥분과 성혼이 된 것을 이제 와서 마다고 투정을 내고 다른 감을 구하였다.",
   "마을 사람들은 거개 고원의 불신을 책하였다.",
   "문수는 빌려 갔던 몇 권의 책을 돌려 주고 표해 두었던 몇 구절의 뜻을 질문하였다."
  ],
  "이다": [
   "눈이 보얗게 깔렸을 때에는 흰빛과 능금나무의 자줏빛과 그림자의 옥색빛밖에는 없어 단순하기 옷 벗은 여인의 나체와 같은 것이―---봄은 옷 입고 치장한 여인이다.",
   "초록 풀에 덮인 땅 속의 뜻은 초록 옷을 입은 여자의 마음과도 같이 엿볼 수 없는 저 건너 세상이다.",
   "줄기는 굵고 잎은 연한 멜로디의 마디마디이다."
  ],
  "았다": [
   "옥분은 도리어 짜증을 내며 발을 떼놓았다.",
   "옥분은 굳이 거역하려고 하지 않았다.",
   "생각하면 기가 막히나 별수없이 몸은 흐를 대로 흐르고야 말았다."
  ],
  "렸다": [
   "눈알이 땅을 향하고 한편 손이 어쩔 줄 몰라 행주치마를 의미 없이 꼬깃거렸다.",
   "충주집 대문에 들어서서 술좌석에서 짜장 동이를 만났을 때에는 어찌 된 서슬엔지 빨끈 화가 나버렸다.",
   "짐승도 짐승이려니와 동이의 마음씨가 가슴을 울렸다."
  ],
  "하다": [
   "초록은 흙빛보다 찬란하고 눈빛보다 복잡하다.",
   "시험관 속 붉은 물에 약품을 넣으면 그것이 금시에 새파랗게 변하는 비밀―---그것과도 흡사하다.",
   "한 톨의 보리알이 열 낟으로 나는 이치는 가르치는 이 있어도 그 보리알에서 푸른 잎이 돋는 조화의 동기는 옳게 말하는 이 없는 듯하다."
  ],
  "없다": [
   "들은 온통 초록 전에 덮여 벌써 한 조각의 흙빛도 찾아볼 수 없다.",
   "이런 때에는 웬일인지 구름 한 점도 없다.",
   "웬일인지 그에게로 쏠리는 동정을 금할 수 없다."
  ],
  "졌다": [
   "얼굴의 표정이 삽시간에 검붉게 질려 굳어졌다.",
   "언제인가 개천 둑에서 기묘하게 만난 후 두 번째의 공교로운 만남임을 이상하게 여기고 있는 동안에 마음이 퍽으나 헐하게 놓여졌다.",
   "바위에 부딪쳐 기어코 소에 빠졌다."
  ],
  "예요": [
   "“부끄러워서 말하지 않으랴 했으나 정말예요.",
   "\"선생이 나와서 뵈는 첫 분예요.",
   "\"적어도 오늘의 문제는 아닐 거예요.\""
  ],
  "갔다": [
   "나는 떨리는 그의 팔을 붙들고 풀밭을 지나 버드나무 숲속으로 들어갔다.",
   "씨름을 해가는 동안에 우리는 힘에 대한 인식을 한층 새롭혀 갔다.",
   "그물을 잃은 나는 하는 수 없이 족대를 들고 쇠치네 사냥을 하러 시냇물을 훑어 내려갔다."
  ],
  "어요": [
   "“아비 어미란 말에 가슴이 터지는 것도 같았으나 제겐 아버지가 없어요.",
   "무엇보다도 먼저 몸을 푹 휴양해야겠어요.\"",
   "\"무엇을 즐겨 그 좁은 문으로 들어가겠어요.\""
  ],
  "같다": [
   "가지가지 풋나물을 뜯어 먹으면 몸이 초록으로 물들 것 같다.",
   "물들지 않으면 안 될 것 같다.",
   "사람은 들과 떼려야 뗄 수 없는 인연에 있는 것 같다."
  ]
 }
}