{
 "author": "yisang",
 "analyzer": "surface",
 "n_chunks": 32,
 "chunk_sents": 15,
 "n_sentences": 480,
 "cat": {
  "endings": {
   "vocab": [
    "었다",
    "이다",
    "았다",
    "였다",
    "없다",
    "웠다",
    "는다",
    "하다",
    "한다",
    "왔다",
    "이오",
    "렸다",
    "니다",
    "갔다",
    "않다",
    "일까",
    "났다",
    "바이",
    "든다",
    "본다",
    "된다",
    "보다",
    "잤다",
    "온다",
    "했다"
   ],
   "mean_dist": [
    0.20563380281632215,
    0.15492957746435232,
    0.10985915492926801,
    0.10422535211238247,
    0.07042253521106924,
    0.036619718309756,
    0.03380281690131323,
    0.025352112675984924,
    0.025352112675984924,
    0.025352112675984924,
    0.022535211267542155,
    0.019718309859099385,
    0.016901408450656616,
    0.016901408450656616,
    0.014084507042213847,
    0.014084507042213847,
    0.014084507042213847,
    0.011267605633771077,
    0.011267605633771077,
    0.011267605633771077,
    0.011267605633771077,
    0.011267605633771077,
    0.011267605633771077,
    0.011267605633771077,
    0.011267605633771077
   ],
   "js_mean": 0.39260902084426924,
   "js_std": 0.15467921809988702
  },
  "connectives": {
   "vocab": [
    "고",
    "면서",
    "어서",
    "다가",
    "든지",
    "아서",
    "니까",
    "거나",
    "도록",
    "며",
    "는데",
    "자마자",
    "지만",
    "으면서"
   ],
   "mean_dist": [
    0.7040816326506664,
    0.10884353741459578,
    0.03061224489785506,
    0.03061224489785506,
    0.023809523809442824,
    0.023809523809442824,
    0.020408163265236708,
    0.01700680272103059,
    0.013605442176824472,
    0.006802721088412236,
    0.006802721088412236,
    0.006802721088412236,
    0.003401360544206118,
    0.003401360544206118
   ],
   "js_mean": 0.17260603822267834,
   "js_std": 0.07798346665311803
  },
  "particles": {
   "vocab": [
    "는",
    "을",
    "이",
    "가",
    "도",
    "에",
    "를",
    "은",
    "의",
    "나",
    "으로",
    "만",
    "로",
    "에서",
    "처럼",
    "하고",
    "이나",
    "에게",
    "와",
    "과",
    "보다",
    "까지",
    "마다",
    "에서는",
    "밖에"
   ],
   "mean_dist": [
    0.22519455252907336,
    0.11916342412445566,
    0.11040856031123035,
    0.07830739299607087,
    0.06614785992214682,
    0.06177042801553416,
    0.053988326848222766,
    0.053988326848222766,
    0.05155642023343796,
    0.039883268482470875,
    0.02285992217897721,
    0.019455252918278477,
    0.017023346303493666,
    0.014105058365751894,
    0.012645914396881008,
    0.012159533073924048,
    0.009727626459139238,
    0.009241245136182276,
    0.006809338521397467,
    0.006809338521397467,
    0.0029182879377417713,
    0.0024319066147848096,
    0.0014591439688708856,
    0.0009727626459139238,
    0.0009727626459139238
   ],
   "js_mean": 0.0760437777030808,
   "js_std": 0.029563334545485032
  },
  "adverbs": {
   "vocab": [
    "그러나",
    "또",
    "좀",
    "그리고",
    "왜",
    "다",
    "도무지",
    "늘",
    "다시",
    "그래서",
    "제법",
    "벌써",
    "차라리",
    "이미",
    "가장",
    "물론",
    "결코",
    "지금",
    "또한",
    "거반",
    "어느덧",
    "과연",
    "별안간",
    "역시",
    "흠씬"
   ],
   "mean_dist": [
    0.2499999999983553,
    0.16447368420944428,
    0.1315789473675554,
    0.07894736842053325,
    0.04605263157864439,
    0.039473684210266625,
    0.03289473684188885,
    0.03289473684188885,
    0.03289473684188885,
    0.026315789473511084,
    0.019736842105133313,
    0.019736842105133313,
    0.013157894736755542,
    0.013157894736755542,
    0.013157894736755542,
    0.013157894736755542,
    0.013157894736755542,
    0.013157894736755542,
    0.006578947368377771,
    0.006578947368377771,
    0.006578947368377771,
    0.006578947368377771,
    0.006578947368377771,
    0.006578947368377771,
    0.006578947368377771
   ],
   "js_mean": 0.46535417910093707,
   "js_std": 0.13713154430451355
  }
 },
 "scalars": {
  "sent_len_mean": {
   "mean": 9.05625,
   "std": 1.765574298682065
  },
  "sent_len_std": {
   "mean": 6.049120134688811,
   "std": 2.2375162411557508
  },
  "sent_len_p90": {
   "mean": 13.53125,
   "std": 3.463960657614344
  },
  "dialog_ratio": {
   "mean": 0.004166666666666667,
   "std": 0.05
  },
  "comma_per_sent": {
   "mean": 0.0875,
   "std": 0.13063679505492404
  },
  "excl_per_sent": {
   "mean": 0.004166666666666667,
   "std": 0.05
  },
  "quest_per_sent": {
   "mean": 0.06041666666666667,
   "std": 0.10049789245993614
  },
  "ellipsis_per_sent": {
   "mean": 0.01875,
   "std": 0.05
  },
  "dash_per_1k_ej": {
   "mean": 0.0,
   "std": 0.05
  },
  "redup_per_1k_ej": {
   "mean": 5.874989597209299,
   "std": 5.876782415004731
  }
 },
 "ban_list": {
  "endings": [
   "진다",
   "리라"
  ],
  "connectives": [
   "으며"
  ],
  "particles": [],
  "adverbs": [
   "하지만",
   "퍽",
   "가끔",
   "썩",
   "몹시",
   "결국",
   "그런데",
   "매우"
  ]
 },
 "example_bank": {
  "었다": [
   "그러나 이것은 행복이라든가 불행이라든가 하는 것을 계산하는 것은 아니었다.",
   "말하자면 나는 내가 행복되다고도 생각할 필요가 없었고, 그렇다고 불행하다고도 생각할 필요가 없었다.",
   "그러기에 나는 빈대가 무엇보다도 싫었다."
  ],
  "이다": [
   "해가 드는 것을 그들이 모른 체하는 까닭이다.",
   "내 아내 외의 다른 사람과 인사를 하거나 놀거나 하는 것은 내 아내 낯을 보아 좋지 않은 일인 것만 같이 생각이 되었기 때문이다.",
   "나는 이만큼 까지 내 아내를 소중히 생각한 것이다."
  ],
  "았다": [
   "나는 내 아내와 인사하는 외에 누구와도 인사하고 싶지 않았다.",
   "나는 내 방 이상의 서늘한 방도 또 따뜻한 방도 희망하지 않았다.",
   "이 이상으로 밝거나 이 이상으로 아늑한 방은 원하지 않았다."
  ],
  "였다": [
   "18 가구에 각기 빌어 들은 송이송이 꽃들 가운데서도 내 아내가 특히 아름다운 한 떨기의 꽃으로 이 함석지붕 밑 볕 안드는 지역에서 어디까지든지 찬란하였다.",
   "방안의 기온은 내 체온을 위하여 쾌적하였고, 방안의 침침한 정도가 또한 내 안력을 위하여 쾌적하였다.",
   "나는 이 일곱이라는 숫자를 훈장처럼 사랑하였다."
  ],
  "없다": [
   "나는 밤이나 낮이나 잠만 자느라고 그런 것을 알 길이 없다.",
   "내 아내의 명함이 붙어 있는 것도 이 풍속을 좇은 것이 아닐 수 없다.",
   "해가 영영 들지 않는 윗방이 즉 내 방인 것은 말할 것도 없다."
  ],
  "웠다": [
   "나는 과연 피로를 이 이상 견디기가 어려웠다.",
   "나서면서 나는 제발 시간이 화살 단 듯해서 자정 이어서 홱 지나 버렸으면 하고 조바심을 태웠다.",
   "다만 시간이 좀 너무 더디게 가는 것만 같아서 안타까웠다."
  ],
  "는다": [
   "나는 그러나 그들의 아무와도 놀지 않는다.",
   "놀지 않을 뿐만 아니라 인사도 않는다.",
   "나는 하루 한 번도 세수를 하지 않는다."
  ],
  "하다": [
   "33번지 18 가구의 낮은 참 조용하다.",
   "열한 시쯤 해서 하는 아내의 첫번 세수는 좀 간단하다.",
   "여전히 으스스 춥고 또 골치가 아프고 입에 군침이 도는 것이 씁쓸하면서 다리 팔이 척 늘어져서 노곤하다."
  ],
  "한다": [
   "이렇게 볕드는 방이 아내 방이요, 볕 안드는 방이 내 방이요 하고 아내와 나 둘 중에 누가 정했는지 나는 기억하지 못한다.",
   "나의 유희심은 육체적인 데서 정신적인 데로 비약한다.",
   "아내는 하루에 두 번 세수를 한다."
  ],
  "왔다": [
   "그러나 내 방에서는 겨울에도 몇 마리의 빈대가 끊이지 않고 나왔다.",
   "나는 잠이 잘 안 왔다.",
   "아내는 물론 나를 늘 감금하여 두다시피 하여 왔다."
  ],
  "이오": [
   "니코틴이 내 횟배 앓는 뱃속으로 스미면 머릿속에 으레 백지가 준비되는 법이오.",
   "연애기법에마저 서먹서먹해진 지성의 극치를 흘깃 좀 들여다 본 일이 있는, 말하자면 일종의 정신분일자말이오.",
   "이런 여인의 반-그것은 온갖 것의 반이오."
  ],
  "렸다": [
   "그렇다고 이런 괴이한 풍모를 차리고 이 홀에서 어물어물하는 수도 없고 에이 비를 맞으면 맞았지 하고 그냥 나서 버렸다.",
   "나는 다시 이불을 쓰고 단번에 그냥 죽은 것처럼 잠이 들어 버렸다.",
   "나는 주머니에서 가지고 온 아달린을 꺼내 남은 여섯 개를 한꺼번에 질겅질겅 씹어먹어 버렸다."
  ]
 }
}