{
 "author": "yisang",
 "analyzer": "surface",
 "n_chunks": 62,
 "chunk_sents": 15,
 "n_sentences": 930,
 "cat": {
  "endings": {
   "vocab": [
    "었다",
    "이다",
    "았다",
    "였다",
    "없다",
    "한다",
    "렸다",
    "니다",
    "했다",
    "웠다",
    "갔다",
    "는다",
    "왔다",
    "하다",
    "이오",
    "보다",
    "일까",
    "있다",
    "된다",
    "않다",
    "잤다",
    "랐다",
    "났다",
    "시오",
    "린다"
   ],
   "mean_dist": [
    0.17801047120387783,
    0.14834205933656486,
    0.10645724258271125,
    0.08551483420578444,
    0.05410122164039424,
    0.052356020942317005,
    0.038394415357699135,
    0.03315881326346744,
    0.0314136125653902,
    0.027923211169235736,
    0.027923211169235736,
    0.026178010471158503,
    0.026178010471158503,
    0.02443280977308127,
    0.019197207678849568,
    0.019197207678849568,
    0.0157068062826951,
    0.013961605584617868,
    0.012216404886540634,
    0.0104712041884634,
    0.0104712041884634,
    0.0104712041884634,
    0.0104712041884634,
    0.008726003490386167,
    0.008726003490386167
   ],
   "js_mean": 0.46680430773452686,
   "js_std": 0.16247344157671134
  },
  "connectives": {
   "vocab": [
    "고",
    "면서",
    "니까",
    "어서",
    "다가",
    "든지",
    "거나",
    "는데",
    "도록",
    "아서",
    "며",
    "지만",
    "으면서",
    "자마자",
    "려고"
   ],
   "mean_dist": [
    0.7221052631563746,
    0.08210526315772189,
    0.03368421052624487,
    0.027368421052573963,
    0.023157894736793354,
    0.01894736842101274,
    0.016842105263122437,
    0.016842105263122437,
    0.014736842105232134,
    0.014736842105232134,
    0.008421052631561218,
    0.008421052631561218,
    0.006315789473670915,
    0.004210526315780609,
    0.0021052631578903046
   ],
   "js_mean": 0.18608685409869646,
   "js_std": 0.07478453155068288
  },
  "particles": {
   "vocab": [
    "는",
    "을",
    "이",
    "에",
    "의",
    "가",
    "은",
    "도",
    "를",
    "나",
    "로",
    "으로",
    "만",
    "하고",
    "에서",
    "와",
    "처럼",
    "이나",
    "에게",
    "과",
    "까지",
    "마다",
    "보다",
    "으로는",
    "에서는"
   ],
   "mean_dist": [
    0.23419660261759004,
    0.11138958507376458,
    0.10052910052907253,
    0.06655527708157434,
    0.06432748538009904,
    0.06182121971593934,
    0.06182121971593934,
    0.06182121971593934,
    0.06126427179057052,
    0.04037872458923966,
    0.019771651350593212,
    0.019493177387908803,
    0.017822333611802334,
    0.011974380395429692,
    0.011974380395429692,
    0.010582010582007636,
    0.010025062656638812,
    0.007797270955163521,
    0.007797270955163521,
    0.006683375104425875,
    0.004177109440266172,
    0.0022277917014752917,
    0.0019493177387908801,
    0.0019493177387908801,
    0.0016708437761064688
   ],
   "js_mean": 0.09644903020985515,
   "js_std": 0.05281436049980166
  },
  "adverbs": {
   "vocab": [
    "그러나",
    "또",
    "좀",
    "그리고",
    "왜",
    "늘",
    "다",
    "다시",
    "가장",
    "제법",
    "물론",
    "아주",
    "그래서",
    "역시",
    "지금",
    "도무지",
    "또한",
    "어느덧",
    "벌써",
    "꼭",
    "문득",
    "차라리",
    "이미",
    "퍽",
    "과연"
   ],
   "mean_dist": [
    0.20973782771457028,
    0.1760299625461572,
    0.13483146067365231,
    0.08239700374500976,
    0.05243445692864257,
    0.044943820224550776,
    0.03370786516841308,
    0.03370786516841308,
    0.026217228464321285,
    0.022471910112275388,
    0.022471910112275388,
    0.018726591760229488,
    0.014981273408183591,
    0.014981273408183591,
    0.014981273408183591,
    0.011235955056137694,
    0.011235955056137694,
    0.011235955056137694,
    0.011235955056137694,
    0.011235955056137694,
    0.011235955056137694,
    0.0074906367040917955,
    0.0074906367040917955,
    0.0074906367040917955,
    0.0074906367040917955
   ],
   "js_mean": 0.5211231361614738,
   "js_std": 0.14600805611552806
  }
 },
 "scalars": {
  "sent_len_mean": {
   "mean": 8.711827956989247,
   "std": 2.471653610230914
  },
  "sent_len_std": {
   "mean": 6.343592803536072,
   "std": 2.82748521425527
  },
  "sent_len_p90": {
   "mean": 14.241935483870968,
   "std": 5.043953530876759
  },
  "dialog_ratio": {
   "mean": 0.040860215053763436,
   "std": 0.11569013037688401
  },
  "comma_per_sent": {
   "mean": 0.13333333333333333,
   "std": 0.1952849218881117
  },
  "excl_per_sent": {
   "mean": 0.025806451612903222,
   "std": 0.056612673467045946
  },
  "quest_per_sent": {
   "mean": 0.07634408602150537,
   "std": 0.10766120642204724
  },
  "ellipsis_per_sent": {
   "mean": 0.01075268817204301,
   "std": 0.05
  },
  "dash_per_1k_ej": {
   "mean": 2.7364649388378868,
   "std": 8.284974140188407
  },
  "redup_per_1k_ej": {
   "mean": 4.940011077086667,
   "std": 6.034993136768557
  }
 },
 "ban_list": {
  "endings": [],
  "connectives": [
   "으며"
  ],
  "particles": [],
  "adverbs": [
   "비로소",
   "결국"
  ]
 },
 "example_bank": {
  "었다": [
   "그러나 이것은 행복이라든가 불행이라든가 하는 것을 계산하는 것은 아니었다.",
   "말하자면 나는 내가 행복되다고도 생각할 필요가 없었고, 그렇다고 불행하다고도 생각할 필요가 없었다.",
   "그러기에 나는 빈대가 무엇보다도 싫었다."
  ],
  "이다": [
   "해가 드는 것을 그들이 모른 체하는 까닭이다.",
   "그러나 이런 것들보다도 그들의 문패가 제일로 고개를 끄덕이게 하는 것이다.",
   "그러나 그것은 한 번도 닫힌 일이 없는, 한길이나 마찬가지 대문인 것이다."
  ],
  "았다": [
   "나는 내 아내와 인사하는 외에 누구와도 인사하고 싶지 않았다.",
   "나는 내 방 이상의 서늘한 방도 또 따뜻한 방도 희망하지 않았다.",
   "이 이상으로 밝거나 이 이상으로 아늑한 방은 원하지 않았다."
  ],
  "였다": [
   "18 가구에 각기 빌어 들은 송이송이 꽃들 가운데서도 내 아내가 특히 아름다운 한 떨기의 꽃으로 이 함석지붕 밑 볕 안드는 지역에서 어디까지든지 찬란하였다.",
   "방안의 기온은 내 체온을 위하여 쾌적하였고, 방안의 침침한 정도가 또한 내 안력을 위하여 쾌적하였다.",
   "나는 이 일곱이라는 숫자를 훈장처럼 사랑하였다."
  ],
  "없다": [
   "나는 밤이나 낮이나 잠만 자느라고 그런 것을 알 길이 없다.",
   "이렇게 생긴 33번지 대문에 그들 18 가구의 문패를 몰아다 붙이는 것은 의미가 없다.",
   "내 아내의 명함이 붙어 있는 것도 이 풍속을 좇은 것이 아닐 수 없다."
  ],
  "한다": [
   "이렇게 볕드는 방이 아내 방이요, 볕 안드는 방이 내 방이요 하고 아내와 나 둘 중에 누가 정했는지 나는 기억하지 못한다.",
   "아내는 하루에 두 번 세수를 한다.",
   "달이 밝은 밤에는 한참씩 마당에 우두커니 섰다가 들어오곤 한다."
  ],
  "렸다": [
   "그들은 어느 사이엔가 각 미닫이 위 백인당이니 길상당이니 써 붙인 한곁에다 문패를 붙이는 풍속을 가져 버렸다.",
   "그러는 동안에 흐지부지 나는 잠이 들어 버렸다.",
   "나는 그대로 눈을 감아 버렸다."
  ],
  "니다": [
   "나는 어디까지든지 내 방이-집이 아니다.",
   "나는 아내의 눈초리를 못 본 것은 아니다.",
   "그러나 내객들이 내 아내에게 돈 놓고 가는 심리며 내 아내가 내게 돈 놓고 가는 심리의 비밀을 나는 알아낸 것 같아서 여간 즐거운 것이 아니다."
  ],
  "했다": [
   "나는 그런 때 나에게 왜 늘 돈이 있나 왜 돈이 많은가를 연구했다.",
   "나는 별안간 내어 쏟아지는 불빛에 눈이 부셔서 좀 머뭇머뭇했다.",
   "나는 이렇게 밖에 돈을 구하는 아무런 방법도 알지는 못했다."
  ],
  "웠다": [
   "나는 과연 피로를 이 이상 견디기가 어려웠다.",
   "나서면서 나는 제발 시간이 화살 단 듯해서 자정 이어서 홱 지나 버렸으면 하고 조바심을 태웠다.",
   "다만 시간이 좀 너무 더디게 가는 것만 같아서 안타까웠다."
  ],
  "갔다": [
   "나는 밤중 세 시나 네 시쯤 해서 변소에 갔다.",
   "나는 한푼씩 한푼씩 그 속에 넣고 열쇠는 아내가 가져갔다.",
   "그러나 내 아내를 찾은 서너 사람의 내객들은 늘 비교적 점잖았다고 볼 수 있는 것이, 자정이 좀 지나면 으레 돌아들 갔다."
  ],
  "는다": [
   "나는 그러나 그들의 아무와도 놀지 않는다.",
   "놀지 않을 뿐만 아니라 인사도 않는다.",
   "나는 하루 한 번도 세수를 하지 않는다."
  ]
 }
}